--------------------------------------------------------
-- Archivo creado  - viernes-marzo-14-2025   
--------------------------------------------------------
--------------------------------------------------------
--  DDL for Table CONDICION
--------------------------------------------------------

  CREATE TABLE "ADMINDOCTOR"."CONDICION" 
   (	"IDCONDICION" NUMBER(*,0), 
	"DESCCONDICION" VARCHAR2(100 BYTE), 
	"FECHAREGISTRO" TIMESTAMP (6) DEFAULT CURRENT_TIMESTAMP
   ) SEGMENT CREATION IMMEDIATE 
  PCTFREE 10 PCTUSED 40 INITRANS 1 MAXTRANS 255 
 NOCOMPRESS LOGGING
  STORAGE(INITIAL 65536 NEXT 1048576 MINEXTENTS 1 MAXEXTENTS 2147483645
  PCTINCREASE 0 FREELISTS 1 FREELIST GROUPS 1
  BUFFER_POOL DEFAULT FLASH_CACHE DEFAULT CELL_FLASH_CACHE DEFAULT)
  TABLESPACE "USERS" ;
--------------------------------------------------------
--  DDL for Table DISTRITO
--------------------------------------------------------

  CREATE TABLE "ADMINDOCTOR"."DISTRITO" 
   (	"IDDISTRITO" NUMBER(*,0), 
	"IDPROVINCIA" NUMBER(*,0), 
	"DESCDISTRITO" VARCHAR2(100 BYTE), 
	"FECHAREGISTRO" TIMESTAMP (6) DEFAULT CURRENT_TIMESTAMP
   ) SEGMENT CREATION IMMEDIATE 
  PCTFREE 10 PCTUSED 40 INITRANS 1 MAXTRANS 255 
 NOCOMPRESS LOGGING
  STORAGE(INITIAL 65536 NEXT 1048576 MINEXTENTS 1 MAXEXTENTS 2147483645
  PCTINCREASE 0 FREELISTS 1 FREELIST GROUPS 1
  BUFFER_POOL DEFAULT FLASH_CACHE DEFAULT CELL_FLASH_CACHE DEFAULT)
  TABLESPACE "USERS" ;
--------------------------------------------------------
--  DDL for Table GERENTE
--------------------------------------------------------

  CREATE TABLE "ADMINDOCTOR"."GERENTE" 
   (	"IDGERENTE" NUMBER(*,0), 
	"DESCGERENTE" VARCHAR2(100 BYTE), 
	"FECHAREGISTRO" TIMESTAMP (6) DEFAULT CURRENT_TIMESTAMP
   ) SEGMENT CREATION IMMEDIATE 
  PCTFREE 10 PCTUSED 40 INITRANS 1 MAXTRANS 255 
 NOCOMPRESS LOGGING
  STORAGE(INITIAL 65536 NEXT 1048576 MINEXTENTS 1 MAXEXTENTS 2147483645
  PCTINCREASE 0 FREELISTS 1 FREELIST GROUPS 1
  BUFFER_POOL DEFAULT FLASH_CACHE DEFAULT CELL_FLASH_CACHE DEFAULT)
  TABLESPACE "USERS" ;
--------------------------------------------------------
--  DDL for Table HOSPITAL
--------------------------------------------------------

  CREATE TABLE "ADMINDOCTOR"."HOSPITAL" 
   (	"IDHOSPITAL" NUMBER(*,0), 
	"IDDISTRITO" NUMBER(*,0), 
	"NOMBRE" VARCHAR2(100 BYTE), 
	"ANTIGUEDAD" NUMBER(*,0), 
	"AREA" NUMBER(5,2), 
	"IDSEDE" NUMBER(*,0), 
	"IDGERENTE" NUMBER(*,0), 
	"IDCONDICION" NUMBER(*,0), 
	"FECHAREGISTRO" TIMESTAMP (6) DEFAULT CURRENT_TIMESTAMP
   ) SEGMENT CREATION IMMEDIATE 
  PCTFREE 10 PCTUSED 40 INITRANS 1 MAXTRANS 255 
 NOCOMPRESS LOGGING
  STORAGE(INITIAL 65536 NEXT 1048576 MINEXTENTS 1 MAXEXTENTS 2147483645
  PCTINCREASE 0 FREELISTS 1 FREELIST GROUPS 1
  BUFFER_POOL DEFAULT FLASH_CACHE DEFAULT CELL_FLASH_CACHE DEFAULT)
  TABLESPACE "USERS" ;
--------------------------------------------------------
--  DDL for Table PROVINCIA
--------------------------------------------------------

  CREATE TABLE "ADMINDOCTOR"."PROVINCIA" 
   (	"IDPROVINCIA" NUMBER(*,0), 
	"DESCPROVINCIA" VARCHAR2(100 BYTE), 
	"FECHAREGISTRO" TIMESTAMP (6) DEFAULT CURRENT_TIMESTAMP
   ) SEGMENT CREATION IMMEDIATE 
  PCTFREE 10 PCTUSED 40 INITRANS 1 MAXTRANS 255 
 NOCOMPRESS LOGGING
  STORAGE(INITIAL 65536 NEXT 1048576 MINEXTENTS 1 MAXEXTENTS 2147483645
  PCTINCREASE 0 FREELISTS 1 FREELIST GROUPS 1
  BUFFER_POOL DEFAULT FLASH_CACHE DEFAULT CELL_FLASH_CACHE DEFAULT)
  TABLESPACE "USERS" ;
--------------------------------------------------------
--  DDL for Table SEDE
--------------------------------------------------------

  CREATE TABLE "ADMINDOCTOR"."SEDE" 
   (	"IDSEDE" NUMBER(*,0), 
	"DESCSEDE" VARCHAR2(100 BYTE), 
	"FECHAREGISTRO" TIMESTAMP (6) DEFAULT CURRENT_TIMESTAMP
   ) SEGMENT CREATION IMMEDIATE 
  PCTFREE 10 PCTUSED 40 INITRANS 1 MAXTRANS 255 
 NOCOMPRESS LOGGING
  STORAGE(INITIAL 65536 NEXT 1048576 MINEXTENTS 1 MAXEXTENTS 2147483645
  PCTINCREASE 0 FREELISTS 1 FREELIST GROUPS 1
  BUFFER_POOL DEFAULT FLASH_CACHE DEFAULT CELL_FLASH_CACHE DEFAULT)
  TABLESPACE "USERS" ;
REM INSERTING into ADMINDOCTOR.CONDICION
SET DEFINE OFF;
Insert into ADMINDOCTOR.CONDICION (IDCONDICION,DESCCONDICION,FECHAREGISTRO) values ('1','Activo',to_timestamp('14/03/25 11:08:46,774000000 PM','DD/MM/RR HH12:MI:SSXFF AM'));
Insert into ADMINDOCTOR.CONDICION (IDCONDICION,DESCCONDICION,FECHAREGISTRO) values ('2','Inactivo',to_timestamp('14/03/25 11:08:46,779000000 PM','DD/MM/RR HH12:MI:SSXFF AM'));
Insert into ADMINDOCTOR.CONDICION (IDCONDICION,DESCCONDICION,FECHAREGISTRO) values ('3','En Mantenimiento',to_timestamp('14/03/25 11:08:46,780000000 PM','DD/MM/RR HH12:MI:SSXFF AM'));
Insert into ADMINDOCTOR.CONDICION (IDCONDICION,DESCCONDICION,FECHAREGISTRO) values ('4','Suspendido',to_timestamp('14/03/25 11:08:46,784000000 PM','DD/MM/RR HH12:MI:SSXFF AM'));
Insert into ADMINDOCTOR.CONDICION (IDCONDICION,DESCCONDICION,FECHAREGISTRO) values ('5','En Evaluación',to_timestamp('14/03/25 11:08:46,786000000 PM','DD/MM/RR HH12:MI:SSXFF AM'));
REM INSERTING into ADMINDOCTOR.DISTRITO
SET DEFINE OFF;
Insert into ADMINDOCTOR.DISTRITO (IDDISTRITO,IDPROVINCIA,DESCDISTRITO,FECHAREGISTRO) values ('1','1','Distrito A',to_timestamp('14/03/25 11:08:46,727000000 PM','DD/MM/RR HH12:MI:SSXFF AM'));
Insert into ADMINDOCTOR.DISTRITO (IDDISTRITO,IDPROVINCIA,DESCDISTRITO,FECHAREGISTRO) values ('2','2','Distrito B',to_timestamp('14/03/25 11:08:46,732000000 PM','DD/MM/RR HH12:MI:SSXFF AM'));
Insert into ADMINDOCTOR.DISTRITO (IDDISTRITO,IDPROVINCIA,DESCDISTRITO,FECHAREGISTRO) values ('3','3','Distrito C',to_timestamp('14/03/25 11:08:46,735000000 PM','DD/MM/RR HH12:MI:SSXFF AM'));
Insert into ADMINDOCTOR.DISTRITO (IDDISTRITO,IDPROVINCIA,DESCDISTRITO,FECHAREGISTRO) values ('4','4','Distrito D',to_timestamp('14/03/25 11:08:46,737000000 PM','DD/MM/RR HH12:MI:SSXFF AM'));
Insert into ADMINDOCTOR.DISTRITO (IDDISTRITO,IDPROVINCIA,DESCDISTRITO,FECHAREGISTRO) values ('5','5','Distrito E',to_timestamp('14/03/25 11:08:46,739000000 PM','DD/MM/RR HH12:MI:SSXFF AM'));
REM INSERTING into ADMINDOCTOR.GERENTE
SET DEFINE OFF;
Insert into ADMINDOCTOR.GERENTE (IDGERENTE,DESCGERENTE,FECHAREGISTRO) values ('1','Carlos Gómez',to_timestamp('14/03/25 11:08:46,759000000 PM','DD/MM/RR HH12:MI:SSXFF AM'));
Insert into ADMINDOCTOR.GERENTE (IDGERENTE,DESCGERENTE,FECHAREGISTRO) values ('2','Ana López',to_timestamp('14/03/25 11:08:46,763000000 PM','DD/MM/RR HH12:MI:SSXFF AM'));
Insert into ADMINDOCTOR.GERENTE (IDGERENTE,DESCGERENTE,FECHAREGISTRO) values ('3','Luis Fernández',to_timestamp('14/03/25 11:08:46,766000000 PM','DD/MM/RR HH12:MI:SSXFF AM'));
Insert into ADMINDOCTOR.GERENTE (IDGERENTE,DESCGERENTE,FECHAREGISTRO) values ('4','María Torres',to_timestamp('14/03/25 11:08:46,768000000 PM','DD/MM/RR HH12:MI:SSXFF AM'));
Insert into ADMINDOCTOR.GERENTE (IDGERENTE,DESCGERENTE,FECHAREGISTRO) values ('5','José Ramírez',to_timestamp('14/03/25 11:08:46,771000000 PM','DD/MM/RR HH12:MI:SSXFF AM'));
REM INSERTING into ADMINDOCTOR.HOSPITAL
SET DEFINE OFF;
Insert into ADMINDOCTOR.HOSPITAL (IDHOSPITAL,IDDISTRITO,NOMBRE,ANTIGUEDAD,AREA,IDSEDE,IDGERENTE,IDCONDICION,FECHAREGISTRO) values ('1','2','Hospital San José Renovado','25','550','2','2','2',to_timestamp('14/03/25 11:08:58,000000000 PM','DD/MM/RR HH12:MI:SSXFF AM'));
Insert into ADMINDOCTOR.HOSPITAL (IDHOSPITAL,IDDISTRITO,NOMBRE,ANTIGUEDAD,AREA,IDSEDE,IDGERENTE,IDCONDICION,FECHAREGISTRO) values ('2','2','Hospital Santa Ana','15','450','2','2','2',to_timestamp('14/03/25 11:08:58,000000000 PM','DD/MM/RR HH12:MI:SSXFF AM'));
Insert into ADMINDOCTOR.HOSPITAL (IDHOSPITAL,IDDISTRITO,NOMBRE,ANTIGUEDAD,AREA,IDSEDE,IDGERENTE,IDCONDICION,FECHAREGISTRO) values ('3','3','Hospital Central','10','700','3','3','3',to_timestamp('14/03/25 11:08:58,000000000 PM','DD/MM/RR HH12:MI:SSXFF AM'));
Insert into ADMINDOCTOR.HOSPITAL (IDHOSPITAL,IDDISTRITO,NOMBRE,ANTIGUEDAD,AREA,IDSEDE,IDGERENTE,IDCONDICION,FECHAREGISTRO) values ('4','4','Hospital Nuevo Horizonte','5','300','4','4','4',to_timestamp('14/03/25 11:08:58,000000000 PM','DD/MM/RR HH12:MI:SSXFF AM'));
Insert into ADMINDOCTOR.HOSPITAL (IDHOSPITAL,IDDISTRITO,NOMBRE,ANTIGUEDAD,AREA,IDSEDE,IDGERENTE,IDCONDICION,FECHAREGISTRO) values ('5','5','Hospital Vida Plena','8','600','5','5','5',to_timestamp('14/03/25 11:08:58,000000000 PM','DD/MM/RR HH12:MI:SSXFF AM'));
REM INSERTING into ADMINDOCTOR.PROVINCIA
SET DEFINE OFF;
Insert into ADMINDOCTOR.PROVINCIA (IDPROVINCIA,DESCPROVINCIA,FECHAREGISTRO) values ('1','Provincia Norte',to_timestamp('14/03/25 11:08:46,711000000 PM','DD/MM/RR HH12:MI:SSXFF AM'));
Insert into ADMINDOCTOR.PROVINCIA (IDPROVINCIA,DESCPROVINCIA,FECHAREGISTRO) values ('2','Provincia Sur',to_timestamp('14/03/25 11:08:46,715000000 PM','DD/MM/RR HH12:MI:SSXFF AM'));
Insert into ADMINDOCTOR.PROVINCIA (IDPROVINCIA,DESCPROVINCIA,FECHAREGISTRO) values ('3','Provincia Este',to_timestamp('14/03/25 11:08:46,717000000 PM','DD/MM/RR HH12:MI:SSXFF AM'));
Insert into ADMINDOCTOR.PROVINCIA (IDPROVINCIA,DESCPROVINCIA,FECHAREGISTRO) values ('4','Provincia Oeste',to_timestamp('14/03/25 11:08:46,718000000 PM','DD/MM/RR HH12:MI:SSXFF AM'));
Insert into ADMINDOCTOR.PROVINCIA (IDPROVINCIA,DESCPROVINCIA,FECHAREGISTRO) values ('5','Provincia Central',to_timestamp('14/03/25 11:08:46,721000000 PM','DD/MM/RR HH12:MI:SSXFF AM'));
REM INSERTING into ADMINDOCTOR.SEDE
SET DEFINE OFF;
Insert into ADMINDOCTOR.SEDE (IDSEDE,DESCSEDE,FECHAREGISTRO) values ('1','Sede Lima',to_timestamp('14/03/25 11:08:46,744000000 PM','DD/MM/RR HH12:MI:SSXFF AM'));
Insert into ADMINDOCTOR.SEDE (IDSEDE,DESCSEDE,FECHAREGISTRO) values ('2','Sede Cusco',to_timestamp('14/03/25 11:08:46,747000000 PM','DD/MM/RR HH12:MI:SSXFF AM'));
Insert into ADMINDOCTOR.SEDE (IDSEDE,DESCSEDE,FECHAREGISTRO) values ('3','Sede Arequipa',to_timestamp('14/03/25 11:08:46,749000000 PM','DD/MM/RR HH12:MI:SSXFF AM'));
Insert into ADMINDOCTOR.SEDE (IDSEDE,DESCSEDE,FECHAREGISTRO) values ('4','Sede Piura',to_timestamp('14/03/25 11:08:46,752000000 PM','DD/MM/RR HH12:MI:SSXFF AM'));
Insert into ADMINDOCTOR.SEDE (IDSEDE,DESCSEDE,FECHAREGISTRO) values ('5','Sede Trujillo',to_timestamp('14/03/25 11:08:46,755000000 PM','DD/MM/RR HH12:MI:SSXFF AM'));
--------------------------------------------------------
--  DDL for Index SYS_C008240
--------------------------------------------------------

  CREATE UNIQUE INDEX "ADMINDOCTOR"."SYS_C008240" ON "ADMINDOCTOR"."CONDICION" ("IDCONDICION") 
  PCTFREE 10 INITRANS 2 MAXTRANS 255 COMPUTE STATISTICS 
  STORAGE(INITIAL 65536 NEXT 1048576 MINEXTENTS 1 MAXEXTENTS 2147483645
  PCTINCREASE 0 FREELISTS 1 FREELIST GROUPS 1
  BUFFER_POOL DEFAULT FLASH_CACHE DEFAULT CELL_FLASH_CACHE DEFAULT)
  TABLESPACE "USERS" ;
--------------------------------------------------------
--  DDL for Index SYS_C008233
--------------------------------------------------------

  CREATE UNIQUE INDEX "ADMINDOCTOR"."SYS_C008233" ON "ADMINDOCTOR"."DISTRITO" ("IDDISTRITO") 
  PCTFREE 10 INITRANS 2 MAXTRANS 255 COMPUTE STATISTICS 
  STORAGE(INITIAL 65536 NEXT 1048576 MINEXTENTS 1 MAXEXTENTS 2147483645
  PCTINCREASE 0 FREELISTS 1 FREELIST GROUPS 1
  BUFFER_POOL DEFAULT FLASH_CACHE DEFAULT CELL_FLASH_CACHE DEFAULT)
  TABLESPACE "USERS" ;
--------------------------------------------------------
--  DDL for Index SYS_C008238
--------------------------------------------------------

  CREATE UNIQUE INDEX "ADMINDOCTOR"."SYS_C008238" ON "ADMINDOCTOR"."GERENTE" ("IDGERENTE") 
  PCTFREE 10 INITRANS 2 MAXTRANS 255 COMPUTE STATISTICS 
  STORAGE(INITIAL 65536 NEXT 1048576 MINEXTENTS 1 MAXEXTENTS 2147483645
  PCTINCREASE 0 FREELISTS 1 FREELIST GROUPS 1
  BUFFER_POOL DEFAULT FLASH_CACHE DEFAULT CELL_FLASH_CACHE DEFAULT)
  TABLESPACE "USERS" ;
--------------------------------------------------------
--  DDL for Index SYS_C008242
--------------------------------------------------------

  CREATE UNIQUE INDEX "ADMINDOCTOR"."SYS_C008242" ON "ADMINDOCTOR"."HOSPITAL" ("IDHOSPITAL") 
  PCTFREE 10 INITRANS 2 MAXTRANS 255 COMPUTE STATISTICS 
  STORAGE(INITIAL 65536 NEXT 1048576 MINEXTENTS 1 MAXEXTENTS 2147483645
  PCTINCREASE 0 FREELISTS 1 FREELIST GROUPS 1
  BUFFER_POOL DEFAULT FLASH_CACHE DEFAULT CELL_FLASH_CACHE DEFAULT)
  TABLESPACE "USERS" ;
--------------------------------------------------------
--  DDL for Index SYS_C008231
--------------------------------------------------------

  CREATE UNIQUE INDEX "ADMINDOCTOR"."SYS_C008231" ON "ADMINDOCTOR"."PROVINCIA" ("IDPROVINCIA") 
  PCTFREE 10 INITRANS 2 MAXTRANS 255 COMPUTE STATISTICS 
  STORAGE(INITIAL 65536 NEXT 1048576 MINEXTENTS 1 MAXEXTENTS 2147483645
  PCTINCREASE 0 FREELISTS 1 FREELIST GROUPS 1
  BUFFER_POOL DEFAULT FLASH_CACHE DEFAULT CELL_FLASH_CACHE DEFAULT)
  TABLESPACE "USERS" ;
--------------------------------------------------------
--  DDL for Index SYS_C008236
--------------------------------------------------------

  CREATE UNIQUE INDEX "ADMINDOCTOR"."SYS_C008236" ON "ADMINDOCTOR"."SEDE" ("IDSEDE") 
  PCTFREE 10 INITRANS 2 MAXTRANS 255 COMPUTE STATISTICS 
  STORAGE(INITIAL 65536 NEXT 1048576 MINEXTENTS 1 MAXEXTENTS 2147483645
  PCTINCREASE 0 FREELISTS 1 FREELIST GROUPS 1
  BUFFER_POOL DEFAULT FLASH_CACHE DEFAULT CELL_FLASH_CACHE DEFAULT)
  TABLESPACE "USERS" ;
--------------------------------------------------------
--  Constraints for Table CONDICION
--------------------------------------------------------

  ALTER TABLE "ADMINDOCTOR"."CONDICION" MODIFY ("DESCCONDICION" NOT NULL ENABLE);
  ALTER TABLE "ADMINDOCTOR"."CONDICION" ADD PRIMARY KEY ("IDCONDICION")
  USING INDEX PCTFREE 10 INITRANS 2 MAXTRANS 255 COMPUTE STATISTICS 
  STORAGE(INITIAL 65536 NEXT 1048576 MINEXTENTS 1 MAXEXTENTS 2147483645
  PCTINCREASE 0 FREELISTS 1 FREELIST GROUPS 1
  BUFFER_POOL DEFAULT FLASH_CACHE DEFAULT CELL_FLASH_CACHE DEFAULT)
  TABLESPACE "USERS"  ENABLE;
--------------------------------------------------------
--  Constraints for Table DISTRITO
--------------------------------------------------------

  ALTER TABLE "ADMINDOCTOR"."DISTRITO" MODIFY ("DESCDISTRITO" NOT NULL ENABLE);
  ALTER TABLE "ADMINDOCTOR"."DISTRITO" ADD PRIMARY KEY ("IDDISTRITO")
  USING INDEX PCTFREE 10 INITRANS 2 MAXTRANS 255 COMPUTE STATISTICS 
  STORAGE(INITIAL 65536 NEXT 1048576 MINEXTENTS 1 MAXEXTENTS 2147483645
  PCTINCREASE 0 FREELISTS 1 FREELIST GROUPS 1
  BUFFER_POOL DEFAULT FLASH_CACHE DEFAULT CELL_FLASH_CACHE DEFAULT)
  TABLESPACE "USERS"  ENABLE;
--------------------------------------------------------
--  Constraints for Table GERENTE
--------------------------------------------------------

  ALTER TABLE "ADMINDOCTOR"."GERENTE" MODIFY ("DESCGERENTE" NOT NULL ENABLE);
  ALTER TABLE "ADMINDOCTOR"."GERENTE" ADD PRIMARY KEY ("IDGERENTE")
  USING INDEX PCTFREE 10 INITRANS 2 MAXTRANS 255 COMPUTE STATISTICS 
  STORAGE(INITIAL 65536 NEXT 1048576 MINEXTENTS 1 MAXEXTENTS 2147483645
  PCTINCREASE 0 FREELISTS 1 FREELIST GROUPS 1
  BUFFER_POOL DEFAULT FLASH_CACHE DEFAULT CELL_FLASH_CACHE DEFAULT)
  TABLESPACE "USERS"  ENABLE;
--------------------------------------------------------
--  Constraints for Table HOSPITAL
--------------------------------------------------------

  ALTER TABLE "ADMINDOCTOR"."HOSPITAL" MODIFY ("NOMBRE" NOT NULL ENABLE);
  ALTER TABLE "ADMINDOCTOR"."HOSPITAL" ADD PRIMARY KEY ("IDHOSPITAL")
  USING INDEX PCTFREE 10 INITRANS 2 MAXTRANS 255 COMPUTE STATISTICS 
  STORAGE(INITIAL 65536 NEXT 1048576 MINEXTENTS 1 MAXEXTENTS 2147483645
  PCTINCREASE 0 FREELISTS 1 FREELIST GROUPS 1
  BUFFER_POOL DEFAULT FLASH_CACHE DEFAULT CELL_FLASH_CACHE DEFAULT)
  TABLESPACE "USERS"  ENABLE;
--------------------------------------------------------
--  Constraints for Table PROVINCIA
--------------------------------------------------------

  ALTER TABLE "ADMINDOCTOR"."PROVINCIA" MODIFY ("DESCPROVINCIA" NOT NULL ENABLE);
  ALTER TABLE "ADMINDOCTOR"."PROVINCIA" ADD PRIMARY KEY ("IDPROVINCIA")
  USING INDEX PCTFREE 10 INITRANS 2 MAXTRANS 255 COMPUTE STATISTICS 
  STORAGE(INITIAL 65536 NEXT 1048576 MINEXTENTS 1 MAXEXTENTS 2147483645
  PCTINCREASE 0 FREELISTS 1 FREELIST GROUPS 1
  BUFFER_POOL DEFAULT FLASH_CACHE DEFAULT CELL_FLASH_CACHE DEFAULT)
  TABLESPACE "USERS"  ENABLE;
--------------------------------------------------------
--  Constraints for Table SEDE
--------------------------------------------------------

  ALTER TABLE "ADMINDOCTOR"."SEDE" MODIFY ("DESCSEDE" NOT NULL ENABLE);
  ALTER TABLE "ADMINDOCTOR"."SEDE" ADD PRIMARY KEY ("IDSEDE")
  USING INDEX PCTFREE 10 INITRANS 2 MAXTRANS 255 COMPUTE STATISTICS 
  STORAGE(INITIAL 65536 NEXT 1048576 MINEXTENTS 1 MAXEXTENTS 2147483645
  PCTINCREASE 0 FREELISTS 1 FREELIST GROUPS 1
  BUFFER_POOL DEFAULT FLASH_CACHE DEFAULT CELL_FLASH_CACHE DEFAULT)
  TABLESPACE "USERS"  ENABLE;
--------------------------------------------------------
--  Ref Constraints for Table DISTRITO
--------------------------------------------------------

  ALTER TABLE "ADMINDOCTOR"."DISTRITO" ADD CONSTRAINT "FK_DISTRITO_PROVINCIA" FOREIGN KEY ("IDPROVINCIA")
	  REFERENCES "ADMINDOCTOR"."PROVINCIA" ("IDPROVINCIA") ENABLE;
--------------------------------------------------------
--  Ref Constraints for Table HOSPITAL
--------------------------------------------------------

  ALTER TABLE "ADMINDOCTOR"."HOSPITAL" ADD CONSTRAINT "FK_HOSPITAL_DISTRITO" FOREIGN KEY ("IDDISTRITO")
	  REFERENCES "ADMINDOCTOR"."DISTRITO" ("IDDISTRITO") ENABLE;
  ALTER TABLE "ADMINDOCTOR"."HOSPITAL" ADD CONSTRAINT "FK_HOSPITAL_SEDE" FOREIGN KEY ("IDSEDE")
	  REFERENCES "ADMINDOCTOR"."SEDE" ("IDSEDE") ENABLE;
  ALTER TABLE "ADMINDOCTOR"."HOSPITAL" ADD CONSTRAINT "FK_HOSPITAL_GERENTE" FOREIGN KEY ("IDGERENTE")
	  REFERENCES "ADMINDOCTOR"."GERENTE" ("IDGERENTE") ENABLE;
  ALTER TABLE "ADMINDOCTOR"."HOSPITAL" ADD CONSTRAINT "FK_HOSPITAL_CONDICION" FOREIGN KEY ("IDCONDICION")
	  REFERENCES "ADMINDOCTOR"."CONDICION" ("IDCONDICION") ENABLE;
